mode,tc,lambda,reward,time,t_size
restricted,small_1,3,19.0000,0.0478,318816
original,small_1,3,19.0000,0.1207,896670
relaxed,small_1,3,19.0000,0.0462,318816
restricted,small_2,3,28.0000,0.0479,318816
original,small_2,3,30.0000,0.1274,896670
relaxed,small_2,3,33.0000,0.0488,318816
restricted,small_3,3,20.0000,0.0416,318816
original,small_3,3,20.0000,0.1155,896670
relaxed,small_3,3,20.0000,0.0431,318816
restricted,small_4,3,21.0000,0.0435,318816
original,small_4,3,23.0000,0.1211,896670
relaxed,small_4,3,23.0000,0.0467,318816
restricted,small_5,3,15.0000,0.0424,318816
original,small_5,3,15.0000,0.1134,896670
relaxed,small_5,3,15.0000,0.0420,318816
restricted,small_6,3,27.0000,0.0420,318816
original,small_6,3,28.0000,0.1164,896670
relaxed,small_6,3,28.0000,0.0437,318816
restricted,small_7,3,17.0000,0.0410,318816
original,small_7,3,17.0000,0.1114,896670
relaxed,small_7,3,17.0000,0.0417,318816
restricted,small_8,3,19.0000,0.0436,318816
original,small_8,3,19.0000,0.1154,896670
relaxed,small_8,3,19.0000,0.0460,318816
restricted,small_9,3,20.0000,0.0397,318816
original,small_9,3,20.0000,0.1113,896670
relaxed,small_9,3,20.0000,0.0439,318816
restricted,small_10,3,19.0000,0.0451,318816
original,small_10,3,20.0000,0.1219,896670
relaxed,small_10,3,21.0000,0.0453,318816
restricted,small_11,3,21.0000,0.0478,318816
original,small_11,3,21.0000,0.1129,896670
relaxed,small_11,3,21.0000,0.0419,318816
restricted,small_12,3,20.0000,0.0464,318816
original,small_12,3,21.0000,0.1174,896670
relaxed,small_12,3,21.0000,0.0416,318816
restricted,small_13,3,25.0000,0.0461,318816
original,small_13,3,28.0000,0.1243,896670
relaxed,small_13,3,28.0000,0.0499,318816
restricted,small_14,3,28.0000,0.0443,318816
original,small_14,3,30.0000,0.1210,896670
relaxed,small_14,3,30.0000,0.0504,318816
restricted,small_15,3,18.0000,0.0393,318816
original,small_15,3,19.0000,0.1120,896670
relaxed,small_15,3,19.0000,0.0407,318816
restricted,small_16,3,24.0000,0.0387,318816
original,small_16,3,24.0000,0.1072,896670
relaxed,small_16,3,24.0000,0.0414,318816
restricted,small_17,3,10.0000,0.0382,318816
original,small_17,3,10.0000,0.1015,896670
relaxed,small_17,3,10.0000,0.0375,318816
restricted,small_18,3,20.0000,0.0435,318816
original,small_18,3,20.0000,0.1226,896670
relaxed,small_18,3,20.0000,0.0443,318816
restricted,small_19,3,25.0000,0.0445,318816
original,small_19,3,29.0000,0.1230,896670
relaxed,small_19,3,29.0000,0.0467,318816
restricted,small_20,3,20.0000,0.0451,318816
original,small_20,3,23.0000,0.1260,896670
relaxed,small_20,3,23.0000,0.0488,318816
restricted,small_21,3,30.0000,0.0433,318816
original,small_21,3,30.0000,0.1168,896670
relaxed,small_21,3,30.0000,0.0441,318816
restricted,small_22,3,26.0000,0.0404,318816
original,small_22,3,27.0000,0.1120,896670
relaxed,small_22,3,27.0000,0.0491,318816
restricted,small_23,3,25.0000,0.0456,318816
original,small_23,3,27.0000,0.1109,896670
relaxed,small_23,3,27.0000,0.0421,318816
restricted,small_24,3,23.0000,0.0388,318816
original,small_24,3,26.0000,0.1024,896670
relaxed,small_24,3,26.0000,0.0394,318816
restricted,small_25,3,22.0000,0.0464,318816
original,small_25,3,22.0000,0.1205,896670
relaxed,small_25,3,24.0000,0.0458,318816
restricted,small_26,3,19.0000,0.0390,318816
original,small_26,3,19.0000,0.1144,896670
relaxed,small_26,3,19.0000,0.0407,318816
restricted,small_27,3,21.0000,0.0468,318816
original,small_27,3,25.0000,0.1262,896670
relaxed,small_27,3,25.0000,0.0439,318816
restricted,small_28,3,30.0000,0.0424,318816
original,small_28,3,30.0000,0.1172,896670
relaxed,small_28,3,30.0000,0.0439,318816
restricted,small_29,3,18.0000,0.0430,318816
original,small_29,3,21.0000,0.1193,896670
relaxed,small_29,3,21.0000,0.0443,318816
restricted,small_30,3,17.0000,0.0423,318816
original,small_30,3,17.0000,0.1176,896670
relaxed,small_30,3,18.0000,0.0471,318816
restricted,small_31,3,21.0000,0.0433,318816
original,small_31,3,21.0000,0.1265,896670
relaxed,small_31,3,21.0000,0.0479,318816
restricted,small_32,3,21.0000,0.0432,318816
original,small_32,3,23.0000,0.1099,896670
relaxed,small_32,3,23.0000,0.0466,318816
restricted,small_33,3,24.0000,0.0414,318816
original,small_33,3,25.0000,0.1160,896670
relaxed,small_33,3,25.0000,0.0431,318816
restricted,small_34,3,19.0000,0.0433,318816
original,small_34,3,19.0000,0.1226,896670
relaxed,small_34,3,19.0000,0.0501,318816
restricted,small_35,3,21.0000,0.0400,318816
original,small_35,3,22.0000,0.1093,896670
relaxed,small_35,3,22.0000,0.0413,318816
restricted,small_36,3,22.0000,0.0424,318816
original,small_36,3,22.0000,0.1132,896670
relaxed,small_36,3,22.0000,0.0424,318816
restricted,small_37,3,25.0000,0.0467,318816
original,small_37,3,27.0000,0.1188,896670
relaxed,small_37,3,27.0000,0.0440,318816
restricted,small_38,3,20.0000,0.0440,318816
original,small_38,3,20.0000,0.1184,896670
relaxed,small_38,3,20.0000,0.0447,318816
restricted,small_39,3,26.0000,0.0428,318816
original,small_39,3,26.0000,0.1178,896670
relaxed,small_39,3,26.0000,0.0450,318816
restricted,small_40,3,18.0000,0.0366,318816
original,small_40,3,19.0000,0.1011,896670
relaxed,small_40,3,20.0000,0.0384,318816
restricted,small_41,3,22.0000,0.0552,318816
original,small_41,3,22.0000,0.1213,896670
relaxed,small_41,3,22.0000,0.0461,318816
restricted,small_42,3,25.0000,0.0445,318816
original,small_42,3,25.0000,0.1240,896670
relaxed,small_42,3,25.0000,0.0462,318816
restricted,small_43,3,14.0000,0.0436,318816
original,small_43,3,16.0000,0.1189,896670
relaxed,small_43,3,16.0000,0.0448,318816
restricted,small_44,3,26.0000,0.0464,318816
original,small_44,3,29.0000,0.1228,896670
relaxed,small_44,3,29.0000,0.0462,318816
restricted,small_45,3,17.0000,0.0399,318816
original,small_45,3,17.0000,0.1107,896670
relaxed,small_45,3,20.0000,0.0418,318816
restricted,small_46,3,15.0000,0.0384,318816
original,small_46,3,15.0000,0.1063,896670
relaxed,small_46,3,15.0000,0.0407,318816
restricted,small_47,3,28.0000,0.0424,318816
original,small_47,3,28.0000,0.1160,896670
relaxed,small_47,3,29.0000,0.0524,318816
restricted,small_48,3,16.0000,0.0359,318816
original,small_48,3,16.0000,0.1023,896670
relaxed,small_48,3,16.0000,0.0372,318816
restricted,small_49,3,25.0000,0.0447,318816
original,small_49,3,25.0000,0.1266,896670
relaxed,small_49,3,25.0000,0.0467,318816
restricted,small_50,3,21.0000,0.0409,318816
original,small_50,3,21.0000,0.1132,896670
relaxed,small_50,3,21.0000,0.0447,318816
restricted,small_51,3,26.0000,0.0410,318816
original,small_51,3,26.0000,0.1131,896670
relaxed,small_51,3,26.0000,0.0431,318816
restricted,small_52,3,24.0000,0.0446,318816
original,small_52,3,24.0000,0.1232,896670
relaxed,small_52,3,24.0000,0.0472,318816
restricted,small_53,3,25.0000,0.0435,318816
original,small_53,3,26.0000,0.1202,896670
relaxed,small_53,3,26.0000,0.0450,318816
restricted,small_54,3,23.0000,0.0448,318816
original,small_54,3,27.0000,0.1245,896670
relaxed,small_54,3,29.0000,0.0480,318816
restricted,small_55,3,20.0000,0.0381,318816
original,small_55,3,20.0000,0.1088,896670
relaxed,small_55,3,20.0000,0.0441,318816
restricted,small_56,3,25.0000,0.0450,318816
original,small_56,3,25.0000,0.1275,896670
relaxed,small_56,3,25.0000,0.0519,318816
restricted,small_57,3,17.0000,0.0459,318816
original,small_57,3,19.0000,0.1195,896670
relaxed,small_57,3,19.0000,0.0447,318816
restricted,small_58,3,27.0000,0.0457,318816
original,small_58,3,27.0000,0.1267,896670
relaxed,small_58,3,28.0000,0.0481,318816
restricted,small_59,3,16.0000,0.0395,318816
original,small_59,3,16.0000,0.0960,896670
relaxed,small_59,3,16.0000,0.0348,318816
restricted,small_60,3,18.0000,0.0405,318816
original,small_60,3,19.0000,0.1123,896670
relaxed,small_60,3,19.0000,0.0431,318816
restricted,small_61,3,27.0000,0.0482,318816
original,small_61,3,27.0000,0.1286,896670
relaxed,small_61,3,27.0000,0.0490,318816
restricted,small_62,3,24.0000,0.0441,318816
original,small_62,3,26.0000,0.1209,896670
relaxed,small_62,3,28.0000,0.0465,318816
restricted,small_63,3,28.0000,0.0434,318816
original,small_63,3,28.0000,0.1199,896670
relaxed,small_63,3,28.0000,0.0456,318816
restricted,small_64,3,29.0000,0.0451,318816
original,small_64,3,29.0000,0.1253,896670
relaxed,small_64,3,29.0000,0.0479,318816
restricted,small_65,3,19.0000,0.0401,318816
original,small_65,3,19.0000,0.1109,896670
relaxed,small_65,3,19.0000,0.0471,318816
restricted,small_66,3,25.0000,0.0420,318816
original,small_66,3,25.0000,0.1171,896670
relaxed,small_66,3,30.0000,0.0436,318816
restricted,small_67,3,18.0000,0.0403,318816
original,small_67,3,19.0000,0.1146,896670
relaxed,small_67,3,19.0000,0.0423,318816
restricted,small_68,3,24.0000,0.0464,318816
original,small_68,3,28.0000,0.1260,896670
relaxed,small_68,3,28.0000,0.0484,318816
restricted,small_69,3,21.0000,0.0442,318816
original,small_69,3,21.0000,0.1149,896670
relaxed,small_69,3,21.0000,0.0486,318816
restricted,small_70,3,30.0000,0.0711,318816
original,small_70,3,33.0000,0.2521,896670
relaxed,small_70,3,33.0000,0.0541,318816
restricted,small_71,3,19.0000,0.0418,318816
original,small_71,3,19.0000,0.1175,896670
relaxed,small_71,3,19.0000,0.0434,318816
restricted,small_72,3,22.0000,0.0442,318816
original,small_72,3,22.0000,0.1220,896670
relaxed,small_72,3,22.0000,0.0463,318816
restricted,small_73,3,19.0000,0.0377,318816
original,small_73,3,19.0000,0.0993,896670
relaxed,small_73,3,19.0000,0.0375,318816
restricted,small_74,3,24.0000,0.0455,318816
original,small_74,3,29.0000,0.1379,896670
relaxed,small_74,3,29.0000,0.0473,318816
restricted,small_75,3,24.0000,0.0425,318816
original,small_75,3,24.0000,0.1224,896670
relaxed,small_75,3,24.0000,0.0472,318816
restricted,small_76,3,24.0000,0.0455,318816
original,small_76,3,26.0000,0.1253,896670
relaxed,small_76,3,28.0000,0.0475,318816
restricted,small_77,3,25.0000,0.0439,318816
original,small_77,3,25.0000,0.1215,896670
relaxed,small_77,3,25.0000,0.0451,318816
restricted,small_78,3,29.0000,0.0441,318816
original,small_78,3,30.0000,0.1234,896670
relaxed,small_78,3,30.0000,0.0476,318816
restricted,small_79,3,22.0000,0.0454,318816
original,small_79,3,22.0000,0.1225,896670
relaxed,small_79,3,22.0000,0.0461,318816
restricted,small_80,3,20.0000,0.0399,318816
original,small_80,3,20.0000,0.1103,896670
relaxed,small_80,3,20.0000,0.0407,318816
restricted,small_81,3,28.0000,0.0442,318816
original,small_81,3,28.0000,0.1226,896670
relaxed,small_81,3,31.0000,0.0471,318816
restricted,small_82,3,24.0000,0.0456,318816
original,small_82,3,24.0000,0.1262,896670
relaxed,small_82,3,24.0000,0.0480,318816
restricted,small_83,3,26.0000,0.0409,318816
original,small_83,3,26.0000,0.1133,896670
relaxed,small_83,3,30.0000,0.0435,318816
restricted,small_84,3,33.0000,0.0475,318816
original,small_84,3,36.0000,0.1309,896670
relaxed,small_84,3,39.0000,0.0493,318816
restricted,small_85,3,21.0000,0.0407,318816
original,small_85,3,25.0000,0.1115,896670
relaxed,small_85,3,25.0000,0.0429,318816
restricted,small_86,3,34.0000,0.0496,318816
original,small_86,3,35.0000,0.1305,896670
relaxed,small_86,3,38.0000,0.0504,318816
restricted,small_87,3,23.0000,0.0390,318816
original,small_87,3,23.0000,0.1079,896670
relaxed,small_87,3,23.0000,0.0416,318816
restricted,small_88,3,29.0000,0.0488,318816
original,small_88,3,30.0000,0.1343,896670
relaxed,small_88,3,31.0000,0.0516,318816
restricted,small_89,3,22.0000,0.0439,318816
original,small_89,3,26.0000,0.1207,896670
relaxed,small_89,3,26.0000,0.0460,318816
restricted,small_90,3,23.0000,0.0445,318816
original,small_90,3,27.0000,0.1232,896670
relaxed,small_90,3,27.0000,0.0459,318816
restricted,small_91,3,26.0000,0.0413,318816
original,small_91,3,27.0000,0.1109,896670
relaxed,small_91,3,27.0000,0.0414,318816
restricted,small_92,3,19.0000,0.0419,318816
original,small_92,3,19.0000,0.1147,896670
relaxed,small_92,3,19.0000,0.0425,318816
restricted,small_93,3,26.0000,0.0431,318816
original,small_93,3,27.0000,0.1193,896670
relaxed,small_93,3,27.0000,0.0454,318816
restricted,small_94,3,20.0000,0.0463,318816
original,small_94,3,20.0000,0.1148,896670
relaxed,small_94,3,20.0000,0.0432,318816
restricted,small_95,3,25.0000,0.0440,318816
original,small_95,3,25.0000,0.1222,896670
relaxed,small_95,3,25.0000,0.0509,318816
restricted,small_96,3,20.0000,0.0354,318816
original,small_96,3,20.0000,0.0977,896670
relaxed,small_96,3,20.0000,0.0374,318816
restricted,small_97,3,22.0000,0.0386,318816
original,small_97,3,22.0000,0.1112,896670
relaxed,small_97,3,22.0000,0.0393,318816
restricted,small_98,3,14.0000,0.0397,318816
original,small_98,3,14.0000,0.1126,896670
relaxed,small_98,3,14.0000,0.0413,318816
restricted,small_99,3,26.0000,0.0403,318816
original,small_99,3,26.0000,0.1124,896670
relaxed,small_99,3,26.0000,0.0426,318816
restricted,small_100,3,30.0000,0.0447,318816
original,small_100,3,30.0000,0.1225,896670
relaxed,small_100,3,30.0000,0.0463,318816
restricted,small_101,3,24.0000,0.0458,318816
original,small_101,3,26.0000,0.1250,896670
relaxed,small_101,3,26.0000,0.0486,318816
restricted,small_102,3,22.0000,0.0418,318816
original,small_102,3,22.0000,0.1125,896670
relaxed,small_102,3,22.0000,0.0422,318816
restricted,small_103,3,19.0000,0.0390,318816
original,small_103,3,21.0000,0.1036,896670
relaxed,small_103,3,21.0000,0.0383,318816
restricted,small_104,3,26.0000,0.0612,318816
original,small_104,3,26.0000,0.1190,896670
relaxed,small_104,3,30.0000,0.0438,318816
restricted,small_105,3,14.0000,0.0360,318816
original,small_105,3,14.0000,0.0996,896670
relaxed,small_105,3,14.0000,0.0376,318816
restricted,small_106,3,23.0000,0.0433,318816
original,small_106,3,23.0000,0.1173,896670
relaxed,small_106,3,23.0000,0.0456,318816
restricted,small_107,3,19.0000,0.0469,318816
original,small_107,3,19.0000,0.1226,896670
relaxed,small_107,3,19.0000,0.0469,318816
restricted,small_108,3,20.0000,0.0441,318816
original,small_108,3,20.0000,0.1170,896670
relaxed,small_108,3,20.0000,0.0440,318816
restricted,small_109,3,20.0000,0.0453,318816
original,small_109,3,20.0000,0.1177,896670
relaxed,small_109,3,20.0000,0.0443,318816
restricted,small_110,3,29.0000,0.0434,318816
original,small_110,3,31.0000,0.1163,896670
relaxed,small_110,3,31.0000,0.0464,318816
restricted,small_111,3,20.0000,0.0409,318816
original,small_111,3,20.0000,0.1130,896670
relaxed,small_111,3,20.0000,0.0446,318816
restricted,small_112,3,14.0000,0.0435,318816
original,small_112,3,14.0000,0.1174,896670
relaxed,small_112,3,14.0000,0.0442,318816
restricted,small_113,3,18.0000,0.0391,318816
original,small_113,3,18.0000,0.1089,896670
relaxed,small_113,3,18.0000,0.0403,318816
restricted,small_114,3,24.0000,0.0378,318816
original,small_114,3,24.0000,0.1053,896670
relaxed,small_114,3,24.0000,0.0424,318816
restricted,small_115,3,26.0000,0.0465,318816
original,small_115,3,26.0000,0.1228,896670
relaxed,small_115,3,26.0000,0.0463,318816
restricted,small_116,3,16.0000,0.0427,318816
original,small_116,3,16.0000,0.1169,896670
relaxed,small_116,3,16.0000,0.0437,318816
restricted,small_117,3,25.0000,0.0386,318816
original,small_117,3,27.0000,0.1057,896670
relaxed,small_117,3,28.0000,0.0399,318816
restricted,small_118,3,30.0000,0.0429,318816
original,small_118,3,30.0000,0.1191,896670
relaxed,small_118,3,34.0000,0.0469,318816
restricted,small_119,3,29.0000,0.0473,318816
original,small_119,3,29.0000,0.1305,896670
relaxed,small_119,3,31.0000,0.0504,318816
restricted,small_120,3,14.0000,0.0417,318816
original,small_120,3,16.0000,0.1156,896670
relaxed,small_120,3,16.0000,0.0431,318816
restricted,medium_1,3,24.0000,1.6916,9351936
original,medium_1,3,24.0000,64.9381,358040331
relaxed,medium_1,3,24.0000,1.8137,9351936
restricted,medium_2,3,23.0000,1.7592,9351936
original,medium_2,3,23.0000,68.7014,358040331
relaxed,medium_2,3,23.0000,1.9392,9351936
restricted,medium_3,3,29.0000,1.5695,9351936
original,medium_3,3,29.0000,60.1409,358040331
relaxed,medium_3,3,29.0000,1.6603,9351936
restricted,medium_4,3,32.0000,1.7713,9351936
original,medium_4,3,33.0000,68.6876,358040331
relaxed,medium_4,3,33.0000,1.9187,9351936
restricted,medium_5,3,29.0000,1.6484,9351936
original,medium_5,3,29.0000,64.6361,358040331
relaxed,medium_5,3,29.0000,1.8263,9351936
restricted,medium_6,3,23.0000,1.6731,9351936
original,medium_6,3,23.0000,64.7753,358040331
relaxed,medium_6,3,23.0000,1.8070,9351936
restricted,medium_7,3,22.0000,1.4196,9351936
original,medium_7,3,22.0000,54.6303,358040331
relaxed,medium_7,3,22.0000,1.5112,9351936
restricted,medium_8,3,34.0000,1.6672,9351936
original,medium_8,3,34.0000,64.9358,358040331
relaxed,medium_8,3,34.0000,1.8270,9351936
restricted,medium_9,3,23.0000,1.5771,9351936
original,medium_9,3,23.0000,60.8006,358040331
relaxed,medium_9,3,23.0000,1.6828,9351936
restricted,medium_10,3,22.0000,1.6446,9351936
original,medium_10,3,23.0000,63.8597,358040331
relaxed,medium_10,3,23.0000,1.7889,9351936
restricted,medium_11,3,28.0000,1.5094,9351936
original,medium_11,3,28.0000,58.3842,358040331
relaxed,medium_11,3,28.0000,1.6375,9351936
restricted,medium_12,3,22.0000,1.4820,9351936
original,medium_12,3,22.0000,56.9632,358040331
relaxed,medium_12,3,22.0000,1.6094,9351936
restricted,medium_13,3,32.0000,1.5327,9351936
original,medium_13,3,35.0000,59.0269,358040331
relaxed,medium_13,3,37.0000,1.6404,9351936
restricted,medium_14,3,33.0000,1.7601,9351936
original,medium_14,3,33.0000,68.2005,358040331
relaxed,medium_14,3,33.0000,1.9031,9351936
restricted,medium_15,3,18.0000,1.4629,9351936
original,medium_15,3,18.0000,56.0191,358040331
relaxed,medium_15,3,18.0000,1.5366,9351936
restricted,medium_16,3,20.0000,1.4727,9351936
original,medium_16,3,20.0000,57.1201,358040331
relaxed,medium_16,3,20.0000,1.5842,9351936
restricted,medium_17,3,26.0000,1.6227,9351936
original,medium_17,3,26.0000,61.9164,358040331
relaxed,medium_17,3,26.0000,1.7076,9351936
restricted,medium_18,3,32.0000,1.7110,9351936
original,medium_18,3,32.0000,66.1629,358040331
relaxed,medium_18,3,32.0000,1.8593,9351936
restricted,medium_19,3,30.0000,1.6925,9351936
original,medium_19,3,30.0000,65.0973,358040331
relaxed,medium_19,3,30.0000,1.8002,9351936
restricted,medium_20,3,24.0000,1.4752,9351936
original,medium_20,3,24.0000,58.0491,358040331
relaxed,medium_20,3,24.0000,1.6462,9351936
restricted,medium_21,3,23.0000,1.6972,9351936
original,medium_21,3,25.0000,66.0954,358040331
relaxed,medium_21,3,25.0000,1.8560,9351936
restricted,medium_22,3,39.0000,1.4829,9351936
original,medium_22,3,39.0000,57.1087,358040331
relaxed,medium_22,3,39.0000,1.5867,9351936
restricted,medium_23,3,38.0000,1.6275,9351936
original,medium_23,3,38.0000,62.7114,358040331
relaxed,medium_23,3,38.0000,1.7686,9351936
restricted,medium_24,3,44.0000,1.8138,9351936
original,medium_24,3,44.0000,71.8707,358040331
relaxed,medium_24,3,44.0000,2.0641,9351936
restricted,medium_25,3,47.0000,1.6425,9351936
original,medium_25,3,48.0000,63.9584,358040331
relaxed,medium_25,3,48.0000,1.8064,9351936
restricted,medium_26,3,30.0000,1.7308,9351936
original,medium_26,3,34.0000,67.0425,358040331
relaxed,medium_26,3,34.0000,1.8781,9351936
restricted,medium_27,3,33.0000,1.6045,9351936
original,medium_27,3,35.0000,62.1568,358040331
relaxed,medium_27,3,35.0000,1.7603,9351936
restricted,medium_28,3,37.0000,1.6195,9351936
original,medium_28,3,43.0000,62.5142,358040331
relaxed,medium_28,3,43.0000,1.7547,9351936
restricted,medium_29,3,24.0000,1.5135,9351936
original,medium_29,3,24.0000,58.7584,358040331
relaxed,medium_29,3,24.0000,1.6517,9351936
restricted,medium_30,3,32.0000,1.6911,9351936
original,medium_30,3,32.0000,67.4091,358040331
relaxed,medium_30,3,32.0000,1.8631,9351936
restricted,medium_31,3,27.0000,1.5005,9351936
original,medium_31,3,27.0000,58.0533,358040331
relaxed,medium_31,3,27.0000,1.6248,9351936
restricted,medium_32,3,24.0000,1.5752,9351936
original,medium_32,3,24.0000,61.8938,358040331
relaxed,medium_32,3,24.0000,1.6938,9351936
restricted,medium_33,3,22.0000,1.6948,9351936
original,medium_33,3,22.0000,65.2941,358040331
relaxed,medium_33,3,22.0000,1.8110,9351936
restricted,medium_34,3,25.0000,1.6888,9351936
original,medium_34,3,25.0000,67.2085,358040331
relaxed,medium_34,3,25.0000,1.8336,9351936
restricted,medium_35,3,43.0000,1.4927,9351936
original,medium_35,3,43.0000,57.7233,358040331
relaxed,medium_35,3,43.0000,1.6097,9351936
restricted,medium_36,3,30.0000,1.6694,9351936
original,medium_36,3,33.0000,65.2072,358040331
relaxed,medium_36,3,35.0000,1.8323,9351936
restricted,medium_37,3,30.0000,1.6020,9351936
original,medium_37,3,31.0000,62.7058,358040331
relaxed,medium_37,3,31.0000,1.7845,9351936
restricted,medium_38,3,39.0000,1.7653,9351936
original,medium_38,3,39.0000,68.5967,358040331
relaxed,medium_38,3,39.0000,1.9216,9351936
restricted,medium_39,3,37.0000,1.5275,9351936
original,medium_39,3,37.0000,58.9740,358040331
relaxed,medium_39,3,37.0000,1.6297,9351936
restricted,medium_40,3,35.0000,1.7723,9351936
original,medium_40,3,36.0000,69.0663,358040331
relaxed,medium_40,3,36.0000,1.9486,9351936
restricted,medium_41,3,29.0000,1.6428,9351936
original,medium_41,3,31.0000,63.7083,358040331
relaxed,medium_41,3,31.0000,1.7803,9351936
restricted,medium_42,3,24.0000,1.5426,9351936
original,medium_42,3,26.0000,59.6209,358040331
relaxed,medium_42,3,26.0000,1.6783,9351936
restricted,medium_43,3,27.0000,1.5267,9351936
original,medium_43,3,28.0000,58.4597,358040331
relaxed,medium_43,3,28.0000,1.6131,9351936
restricted,medium_44,3,22.0000,1.4921,9351936
original,medium_44,3,24.0000,57.3246,358040331
relaxed,medium_44,3,24.0000,1.6038,9351936
restricted,medium_45,3,24.0000,1.7342,9351936
original,medium_45,3,24.0000,67.0771,358040331
relaxed,medium_45,3,24.0000,1.8683,9351936
restricted,medium_46,3,19.0000,1.4033,9351936
original,medium_46,3,19.0000,53.2942,358040331
relaxed,medium_46,3,19.0000,1.4663,9351936
restricted,medium_47,3,36.0000,1.5949,9351936
original,medium_47,3,36.0000,62.0479,358040331
relaxed,medium_47,3,36.0000,1.7604,9351936
restricted,medium_48,3,35.0000,1.7360,9351936
original,medium_48,3,35.0000,67.6173,358040331
relaxed,medium_48,3,35.0000,1.9062,9351936
restricted,medium_49,3,45.0000,1.6250,9351936
original,medium_49,3,49.0000,62.9705,358040331
relaxed,medium_49,3,49.0000,1.7660,9351936
restricted,medium_50,3,25.0000,1.6460,9351936
original,medium_50,3,25.0000,62.1062,358040331
relaxed,medium_50,3,25.0000,1.7065,9351936
restricted,medium_51,3,33.0000,1.4456,9351936
original,medium_51,3,33.0000,56.0891,358040331
relaxed,medium_51,3,33.0000,1.5659,9351936
restricted,medium_52,3,26.0000,1.5820,9351936
original,medium_52,3,26.0000,61.7561,358040331
relaxed,medium_52,3,26.0000,1.7410,9351936
restricted,medium_53,3,26.0000,1.5645,9351936
original,medium_53,3,26.0000,60.6295,358040331
relaxed,medium_53,3,26.0000,1.7501,9351936
restricted,medium_54,3,22.0000,1.6847,9351936
original,medium_54,3,22.0000,65.7411,358040331
relaxed,medium_54,3,22.0000,1.8570,9351936
restricted,medium_55,3,28.0000,1.7053,9351936
original,medium_55,3,28.0000,66.4018,358040331
relaxed,medium_55,3,28.0000,1.8689,9351936
restricted,medium_56,3,46.0000,1.8104,9351936
original,medium_56,3,55.0000,70.1702,358040331
relaxed,medium_56,3,55.0000,1.9397,9351936
restricted,medium_57,3,27.0000,1.6173,9351936
original,medium_57,3,27.0000,62.2500,358040331
relaxed,medium_57,3,27.0000,1.7288,9351936
restricted,medium_58,3,27.0000,1.5453,9351936
original,medium_58,3,29.0000,60.1177,358040331
relaxed,medium_58,3,29.0000,1.7253,9351936
restricted,medium_59,3,35.0000,1.4422,9351936
original,medium_59,3,35.0000,55.0910,358040331
relaxed,medium_59,3,35.0000,1.5054,9351936
restricted,medium_60,3,22.0000,1.4369,9351936
original,medium_60,3,22.0000,55.5396,358040331
relaxed,medium_60,3,22.0000,1.5544,9351936
restricted,medium_61,3,36.0000,1.6200,9351936
original,medium_61,3,36.0000,62.8976,358040331
relaxed,medium_61,3,36.0000,1.7686,9351936
restricted,medium_62,3,34.0000,1.6447,9351936
original,medium_62,3,38.0000,63.8807,358040331
relaxed,medium_62,3,38.0000,1.7947,9351936
restricted,medium_63,3,34.0000,1.6689,9351936
original,medium_63,3,34.0000,64.2678,358040331
relaxed,medium_63,3,34.0000,1.7584,9351936
restricted,medium_64,3,21.0000,1.5105,9351936
original,medium_64,3,21.0000,58.0256,358040331
relaxed,medium_64,3,21.0000,1.6112,9351936
restricted,medium_65,3,34.0000,1.5327,9351936
original,medium_65,3,34.0000,59.4655,358040331
relaxed,medium_65,3,34.0000,1.6704,9351936
restricted,medium_66,3,31.0000,1.7804,9351936
original,medium_66,3,32.0000,69.5584,358040331
relaxed,medium_66,3,32.0000,1.9606,9351936
restricted,medium_67,3,19.0000,1.6924,9351936
original,medium_67,3,19.0000,66.1394,358040331
relaxed,medium_67,3,19.0000,1.8651,9351936
restricted,medium_68,3,38.0000,1.6753,9351936
original,medium_68,3,40.0000,66.8304,358040331
relaxed,medium_68,3,40.0000,1.8719,9351936
restricted,medium_69,3,24.0000,1.5859,9351936
original,medium_69,3,24.0000,61.6202,358040331
relaxed,medium_69,3,24.0000,1.7155,9351936
restricted,medium_70,3,25.0000,1.7034,9351936
original,medium_70,3,25.0000,67.9110,358040331
relaxed,medium_70,3,25.0000,1.8713,9351936
restricted,medium_71,3,32.0000,1.7536,9351936
original,medium_71,3,32.0000,68.1557,358040331
relaxed,medium_71,3,32.0000,1.9322,9351936
restricted,medium_72,3,25.0000,1.7225,9351936
original,medium_72,3,25.0000,66.8140,358040331
relaxed,medium_72,3,25.0000,1.8838,9351936
restricted,medium_73,3,35.0000,1.4669,9351936
original,medium_73,3,35.0000,56.4828,358040331
relaxed,medium_73,3,35.0000,1.5751,9351936
restricted,medium_74,3,36.0000,1.6204,9351936
original,medium_74,3,36.0000,63.4716,358040331
relaxed,medium_74,3,36.0000,1.7831,9351936
restricted,medium_75,3,34.0000,1.6588,9351936
original,medium_75,3,34.0000,62.5594,358040331
relaxed,medium_75,3,34.0000,1.7706,9351936
restricted,medium_76,3,31.0000,1.4559,9351936
original,medium_76,3,31.0000,55.5180,358040331
relaxed,medium_76,3,31.0000,1.5255,9351936
restricted,medium_77,3,30.0000,1.6975,9351936
original,medium_77,3,30.0000,65.3037,358040331
relaxed,medium_77,3,30.0000,1.8400,9351936
restricted,medium_78,3,35.0000,1.8258,9351936
original,medium_78,3,35.0000,70.9019,358040331
relaxed,medium_78,3,35.0000,1.9907,9351936
restricted,medium_79,3,29.0000,1.7425,9351936
original,medium_79,3,29.0000,65.7449,358040331
relaxed,medium_79,3,29.0000,1.8085,9351936
restricted,medium_80,3,29.0000,1.7299,9351936
original,medium_80,3,29.0000,66.6209,358040331
relaxed,medium_80,3,29.0000,1.8441,9351936
restricted,medium_81,3,29.0000,1.8025,9351936
original,medium_81,3,29.0000,69.6938,358040331
relaxed,medium_81,3,29.0000,1.9379,9351936
restricted,medium_82,3,27.0000,1.5808,9351936
original,medium_82,3,27.0000,60.2812,358040331
relaxed,medium_82,3,27.0000,1.6423,9351936
restricted,medium_83,3,33.0000,2.3281,9351936
original,medium_83,3,36.0000,74.5524,358040331
relaxed,medium_83,3,36.0000,2.0594,9351936
restricted,medium_84,3,34.0000,1.6272,9351936
original,medium_84,3,37.0000,62.8477,358040331
relaxed,medium_84,3,37.0000,1.7612,9351936
restricted,medium_85,3,25.0000,1.6189,9351936
original,medium_85,3,25.0000,62.4747,358040331
relaxed,medium_85,3,25.0000,1.7481,9351936
restricted,medium_86,3,23.0000,1.5118,9351936
original,medium_86,3,23.0000,58.3017,358040331
relaxed,medium_86,3,23.0000,1.6215,9351936
restricted,medium_87,3,28.0000,1.6095,9351936
original,medium_87,3,28.0000,61.7204,358040331
relaxed,medium_87,3,28.0000,1.7287,9351936
restricted,medium_88,3,31.0000,1.6517,9351936
original,medium_88,3,33.0000,64.8469,358040331
relaxed,medium_88,3,33.0000,1.8122,9351936
restricted,medium_89,3,32.0000,1.6350,9351936
original,medium_89,3,32.0000,62.4897,358040331
relaxed,medium_89,3,32.0000,1.7367,9351936
restricted,medium_90,3,27.0000,1.7073,9351936
original,medium_90,3,27.0000,66.9040,358040331
relaxed,medium_90,3,27.0000,1.9081,9351936
restricted,medium_91,3,27.0000,1.5598,9351936
original,medium_91,3,27.0000,59.8994,358040331
relaxed,medium_91,3,27.0000,1.6612,9351936
restricted,medium_92,3,25.0000,1.4157,9351936
original,medium_92,3,25.0000,53.8003,358040331
relaxed,medium_92,3,25.0000,1.4703,9351936
restricted,medium_93,3,25.0000,1.5538,9351936
original,medium_93,3,25.0000,59.1187,358040331
relaxed,medium_93,3,25.0000,1.6314,9351936
restricted,medium_94,3,19.0000,1.5258,9351936
original,medium_94,3,19.0000,58.6211,358040331
relaxed,medium_94,3,19.0000,1.6113,9351936
restricted,medium_95,3,25.0000,1.7770,9351936
original,medium_95,3,25.0000,68.9370,358040331
relaxed,medium_95,3,25.0000,1.9229,9351936
restricted,medium_96,3,30.0000,1.7314,9351936
original,medium_96,3,30.0000,67.3451,358040331
relaxed,medium_96,3,30.0000,1.9028,9351936
restricted,medium_97,3,26.0000,1.5819,9351936
original,medium_97,3,26.0000,61.8603,358040331
relaxed,medium_97,3,26.0000,1.7393,9351936
restricted,medium_98,3,28.0000,1.4816,9351936
original,medium_98,3,28.0000,57.1110,358040331
relaxed,medium_98,3,28.0000,1.5845,9351936
restricted,medium_99,3,35.0000,1.8737,9351936
original,medium_99,3,35.0000,73.2269,358040331
relaxed,medium_99,3,35.0000,2.0739,9351936
restricted,medium_100,3,27.0000,1.5508,9351936
original,medium_100,3,27.0000,59.3201,358040331
relaxed,medium_100,3,27.0000,1.6480,9351936
restricted,medium_101,3,31.0000,1.6215,9351936
original,medium_101,3,32.0000,62.6109,358040331
relaxed,medium_101,3,32.0000,1.7419,9351936
restricted,medium_102,3,29.0000,1.7114,9351936
original,medium_102,3,29.0000,66.6130,358040331
relaxed,medium_102,3,29.0000,1.8343,9351936
restricted,medium_103,3,27.0000,1.5902,9351936
original,medium_103,3,27.0000,61.9610,358040331
relaxed,medium_103,3,27.0000,1.7343,9351936
restricted,medium_104,3,29.0000,1.7318,9351936
original,medium_104,3,29.0000,67.0781,358040331
relaxed,medium_104,3,29.0000,1.8794,9351936
restricted,medium_105,3,27.0000,1.7105,9351936
original,medium_105,3,28.0000,65.9680,358040331
relaxed,medium_105,3,28.0000,1.8372,9351936
restricted,medium_106,3,40.0000,1.7517,9351936
original,medium_106,3,41.0000,68.3674,358040331
relaxed,medium_106,3,41.0000,1.9348,9351936
restricted,medium_107,3,33.0000,1.6652,9351936
original,medium_107,3,33.0000,65.3230,358040331
relaxed,medium_107,3,33.0000,1.8513,9351936
restricted,medium_108,3,26.0000,1.6460,9351936
original,medium_108,3,27.0000,63.8321,358040331
relaxed,medium_108,3,27.0000,1.7939,9351936
restricted,medium_109,3,27.0000,1.6653,9351936
original,medium_109,3,27.0000,64.2466,358040331
relaxed,medium_109,3,27.0000,1.7925,9351936
restricted,medium_110,3,27.0000,1.4250,9351936
original,medium_110,3,27.0000,55.2214,358040331
relaxed,medium_110,3,27.0000,1.5696,9351936
restricted,medium_111,3,41.0000,1.5843,9351936
original,medium_111,3,41.0000,62.0484,358040331
relaxed,medium_111,3,41.0000,1.7695,9351936
restricted,medium_112,3,17.0000,1.4976,9351936
original,medium_112,3,17.0000,56.6520,358040331
relaxed,medium_112,3,17.0000,1.5407,9351936
restricted,medium_113,3,24.0000,1.6683,9351936
original,medium_113,3,24.0000,62.8822,358040331
relaxed,medium_113,3,24.0000,1.7570,9351936
restricted,medium_114,3,25.0000,1.7090,9351936
original,medium_114,3,26.0000,66.1700,358040331
relaxed,medium_114,3,26.0000,1.8424,9351936
restricted,medium_115,3,23.0000,1.6085,9351936
original,medium_115,3,25.0000,62.4204,358040331
relaxed,medium_115,3,25.0000,1.7493,9351936
restricted,medium_116,3,37.0000,1.6748,9351936
original,medium_116,3,37.0000,64.3704,358040331
relaxed,medium_116,3,37.0000,1.7743,9351936
restricted,medium_117,3,19.0000,1.7620,9351936
original,medium_117,3,19.0000,67.6733,358040331
relaxed,medium_117,3,19.0000,1.8750,9351936
restricted,medium_118,3,32.0000,1.4149,9351936
original,medium_118,3,36.0000,54.1491,358040331
relaxed,medium_118,3,36.0000,1.4983,9351936
restricted,medium_119,3,34.0000,1.4967,9351936
original,medium_119,3,34.0000,57.7453,358040331
relaxed,medium_119,3,34.0000,1.6215,9351936
restricted,medium_120,3,25.0000,1.6462,9351936
original,medium_120,3,25.0000,63.6888,358040331
relaxed,medium_120,3,25.0000,1.7623,9351936
restricted,big_1,3,41.0000,22.1503,99470592
original,big_1,3,41.0000,488.1153,2146777425
relaxed,big_1,3,41.0000,24.1676,99470592
restricted,big_2,3,38.0000,22.8902,99470592
original,big_2,3,38.0000,507.0456,2146777425
relaxed,big_2,3,38.0000,25.2025,99470592
restricted,big_3,3,48.0000,23.2679,99470592
original,big_3,3,48.0000,515.5827,2146777425
relaxed,big_3,3,48.0000,25.8172,99470592
restricted,big_4,3,58.0000,23.9582,99470592
original,big_4,3,59.0000,531.5141,2146777425
relaxed,big_4,3,60.0000,26.6970,99470592
restricted,big_5,3,50.0000,20.2513,99470592
original,big_5,3,50.0000,444.4364,2146777425
relaxed,big_5,3,50.0000,22.3800,99470592
restricted,big_6,3,44.0000,21.2491,99470592
original,big_6,3,45.0000,472.3795,2146777425
relaxed,big_6,3,45.0000,24.1580,99470592
restricted,big_7,3,30.0000,21.1219,99470592
original,big_7,3,33.0000,467.2787,2146777425
relaxed,big_7,3,33.0000,23.7863,99470592
restricted,big_8,3,39.0000,23.0800,99470592
original,big_8,3,39.0000,510.4513,2146777425
relaxed,big_8,3,39.0000,25.5353,99470592
restricted,big_9,3,46.0000,21.0215,99470592
original,big_9,3,48.0000,464.5361,2146777425
relaxed,big_9,3,48.0000,23.4935,99470592
restricted,big_10,3,38.0000,22.6086,99470592
original,big_10,3,38.0000,502.2933,2146777425
relaxed,big_10,3,38.0000,25.3778,99470592
restricted,big_11,3,56.0000,21.9710,99470592
original,big_11,3,57.0000,484.3424,2146777425
relaxed,big_11,3,57.0000,24.3965,99470592
restricted,big_12,3,32.0000,18.8172,99470592
original,big_12,3,32.0000,405.8335,2146777425
relaxed,big_12,3,32.0000,19.8917,99470592
restricted,big_13,3,37.0000,18.9615,99470592
original,big_13,3,37.0000,413.4034,2146777425
relaxed,big_13,3,37.0000,20.7426,99470592
restricted,big_14,3,30.0000,19.9776,99470592
original,big_14,3,30.0000,437.0123,2146777425
relaxed,big_14,3,30.0000,21.6400,99470592
restricted,big_15,3,56.0000,22.7604,99470592
original,big_15,3,56.0000,503.8206,2146777425
relaxed,big_15,3,56.0000,25.2212,99470592
restricted,big_16,3,55.0000,22.4115,99470592
original,big_16,3,55.0000,498.1573,2146777425
relaxed,big_16,3,55.0000,25.6253,99470592
restricted,big_17,3,40.0000,23.6311,99470592
original,big_17,3,40.0000,498.5727,2146777425
relaxed,big_17,3,40.0000,24.7495,99470592
restricted,big_18,3,40.0000,22.7116,99470592
original,big_18,3,40.0000,507.1012,2146777425
relaxed,big_18,3,40.0000,25.7712,99470592
restricted,big_19,3,60.0000,22.8421,99470592
original,big_19,3,60.0000,502.5860,2146777425
relaxed,big_19,3,60.0000,24.8551,99470592
restricted,big_20,3,52.0000,24.1238,99470592
original,big_20,3,54.0000,538.1401,2146777425
relaxed,big_20,3,54.0000,27.3915,99470592
restricted,big_21,3,46.0000,20.8730,99470592
original,big_21,3,46.0000,457.3905,2146777425
relaxed,big_21,3,46.0000,22.8163,99470592
restricted,big_22,3,43.0000,20.9596,99470592
original,big_22,3,43.0000,462.2128,2146777425
relaxed,big_22,3,43.0000,23.2266,99470592
restricted,big_23,3,45.0000,21.7856,99470592
original,big_23,3,45.0000,481.4597,2146777425
relaxed,big_23,3,45.0000,23.9861,99470592
restricted,big_24,3,47.0000,22.6929,99470592
original,big_24,3,47.0000,507.0773,2146777425
relaxed,big_24,3,47.0000,25.8942,99470592
restricted,big_25,3,54.0000,20.9249,99470592
original,big_25,3,54.0000,463.2772,2146777425
relaxed,big_25,3,54.0000,23.3839,99470592
restricted,big_26,3,51.0000,25.0794,99470592
original,big_26,3,51.0000,556.1342,2146777425
relaxed,big_26,3,51.0000,27.6116,99470592
restricted,big_27,3,43.0000,21.3036,99470592
original,big_27,3,43.0000,472.7156,2146777425
relaxed,big_27,3,43.0000,24.3513,99470592
restricted,big_28,3,43.0000,40.1963,99470592
original,big_28,3,43.0000,502.8170,2146777425
relaxed,big_28,3,43.0000,25.0131,99470592
restricted,big_29,3,55.0000,24.9576,99470592
original,big_29,3,58.0000,553.7006,2146777425
relaxed,big_29,3,58.0000,28.7851,99470592
restricted,big_30,3,52.0000,22.5196,99470592
original,big_30,3,52.0000,486.5616,2146777425
relaxed,big_30,3,52.0000,24.7707,99470592
restricted,big_31,3,36.0000,21.6199,99470592
original,big_31,3,36.0000,477.5810,2146777425
relaxed,big_31,3,36.0000,24.4468,99470592
restricted,big_32,3,53.0000,22.2500,99470592
original,big_32,3,53.0000,495.4973,2146777425
relaxed,big_32,3,53.0000,25.0305,99470592
restricted,big_33,3,41.0000,24.8674,99470592
original,big_33,3,41.0000,555.9686,2146777425
relaxed,big_33,3,41.0000,28.2462,99470592
restricted,big_34,3,58.0000,21.1428,99470592
original,big_34,3,58.0000,462.9113,2146777425
relaxed,big_34,3,58.0000,23.0383,99470592
restricted,big_35,3,46.0000,21.6899,99470592
original,big_35,3,48.0000,483.3563,2146777425
relaxed,big_35,3,48.0000,24.5705,99470592
restricted,big_36,3,47.0000,23.4701,99470592
original,big_36,3,47.0000,523.8368,2146777425
relaxed,big_36,3,47.0000,26.4683,99470592
restricted,big_37,3,53.0000,22.2808,99470592
original,big_37,3,55.0000,498.5719,2146777425
relaxed,big_37,3,57.0000,25.7281,99470592
restricted,big_38,3,55.0000,24.2101,99470592
original,big_38,3,57.0000,541.3549,2146777425
relaxed,big_38,3,57.0000,27.4394,99470592
restricted,big_39,3,43.0000,22.5504,99470592
original,big_39,3,44.0000,504.1473,2146777425
relaxed,big_39,3,44.0000,25.4420,99470592
restricted,big_40,3,53.0000,24.0530,99470592
original,big_40,3,53.0000,536.7498,2146777425
relaxed,big_40,3,53.0000,26.8614,99470592
restricted,big_41,3,39.0000,23.8665,99470592
original,big_41,3,39.0000,530.0613,2146777425
relaxed,big_41,3,39.0000,26.6093,99470592
restricted,big_42,3,38.0000,20.6425,99470592
original,big_42,3,39.0000,455.5901,2146777425
relaxed,big_42,3,39.0000,22.7914,99470592
restricted,big_43,3,39.0000,21.8289,99470592
original,big_43,3,39.0000,482.3460,2146777425
relaxed,big_43,3,39.0000,24.2392,99470592
restricted,big_44,3,43.0000,22.8330,99470592
original,big_44,3,43.0000,504.3425,2146777425
relaxed,big_44,3,43.0000,25.5355,99470592
restricted,big_45,3,49.0000,24.3131,99470592
original,big_45,3,49.0000,543.5797,2146777425
relaxed,big_45,3,49.0000,27.6121,99470592
restricted,big_46,3,45.0000,21.8257,99470592
original,big_46,3,45.0000,480.7381,2146777425
relaxed,big_46,3,45.0000,24.0322,99470592
restricted,big_47,3,44.0000,22.6075,99470592
original,big_47,3,45.0000,505.6585,2146777425
relaxed,big_47,3,46.0000,25.7797,99470592
restricted,big_48,3,51.0000,23.3419,99470592
original,big_48,3,51.0000,520.9100,2146777425
relaxed,big_48,3,51.0000,26.1133,99470592
restricted,big_49,3,58.0000,22.7126,99470592
original,big_49,3,58.0000,505.1843,2146777425
relaxed,big_49,3,58.0000,25.5081,99470592
restricted,big_50,3,38.0000,22.0759,99470592
original,big_50,3,38.0000,472.1091,2146777425
relaxed,big_50,3,38.0000,23.2411,99470592
restricted,big_51,3,47.0000,22.9433,99470592
original,big_51,3,47.0000,509.2654,2146777425
relaxed,big_51,3,47.0000,25.6558,99470592
restricted,big_52,3,55.0000,22.2590,99470592
original,big_52,3,55.0000,492.7612,2146777425
relaxed,big_52,3,55.0000,24.6580,99470592
restricted,big_53,3,38.0000,23.3351,99470592
original,big_53,3,40.0000,512.8622,2146777425
relaxed,big_53,3,40.0000,25.4149,99470592
restricted,big_54,3,42.0000,20.6582,99470592
original,big_54,3,42.0000,461.1149,2146777425
relaxed,big_54,3,42.0000,23.3452,99470592
restricted,big_55,3,53.0000,21.4468,99470592
original,big_55,3,53.0000,468.0983,2146777425
relaxed,big_55,3,53.0000,23.1722,99470592
restricted,big_56,3,36.0000,23.2446,99470592
original,big_56,3,36.0000,441.6506,2146777425
relaxed,big_56,3,36.0000,24.9845,99470592
restricted,big_57,3,36.0000,22.6117,99470592
original,big_57,3,36.0000,503.1328,2146777425
relaxed,big_57,3,36.0000,25.6445,99470592
restricted,big_58,3,42.0000,26.2979,99470592
original,big_58,3,42.0000,439.9513,2146777425
relaxed,big_58,3,42.0000,27.6671,99470592
restricted,big_59,3,44.0000,21.0319,99470592
original,big_59,3,44.0000,464.0127,2146777425
relaxed,big_59,3,44.0000,23.3403,99470592
restricted,big_60,3,46.0000,21.0190,99470592
original,big_60,3,47.0000,461.4583,2146777425
relaxed,big_60,3,47.0000,22.6269,99470592
restricted,big_61,3,41.0000,20.8852,99470592
original,big_61,3,41.0000,458.3997,2146777425
relaxed,big_61,3,41.0000,22.9877,99470592
restricted,big_62,3,41.0000,22.4963,99470592
original,big_62,3,41.0000,502.7606,2146777425
relaxed,big_62,3,41.0000,25.4662,99470592
restricted,big_63,3,50.0000,21.1139,99470592
original,big_63,3,50.0000,465.5906,2146777425
relaxed,big_63,3,50.0000,23.4963,99470592
restricted,big_64,3,52.0000,20.0592,99470592
original,big_64,3,52.0000,441.6365,2146777425
relaxed,big_64,3,52.0000,22.0353,99470592
restricted,big_65,3,46.0000,23.2443,99470592
original,big_65,3,46.0000,515.9931,2146777425
relaxed,big_65,3,46.0000,25.8725,99470592
restricted,big_66,3,46.0000,22.9874,99470592
original,big_66,3,48.0000,512.9359,2146777425
relaxed,big_66,3,48.0000,25.9163,99470592
restricted,big_67,3,48.0000,23.0992,99470592
original,big_67,3,48.0000,515.8031,2146777425
relaxed,big_67,3,48.0000,26.2575,99470592
restricted,big_68,3,43.0000,22.3276,99470592
original,big_68,3,43.0000,495.4071,2146777425
relaxed,big_68,3,43.0000,25.0379,99470592
restricted,big_69,3,55.0000,24.2794,99470592
original,big_69,3,58.0000,547.7606,2146777425
relaxed,big_69,3,58.0000,27.8537,99470592
restricted,big_70,3,40.0000,21.4142,99470592
original,big_70,3,40.0000,476.2297,2146777425
relaxed,big_70,3,40.0000,24.0069,99470592
restricted,big_71,3,46.0000,23.1904,99470592
original,big_71,3,46.0000,517.7892,2146777425
relaxed,big_71,3,46.0000,26.2278,99470592
restricted,big_72,3,40.0000,22.6155,99470592
original,big_72,3,40.0000,501.8610,2146777425
relaxed,big_72,3,40.0000,25.2978,99470592
restricted,big_73,3,58.0000,22.3153,99470592
original,big_73,3,61.0000,497.2816,2146777425
relaxed,big_73,3,61.0000,24.9149,99470592
restricted,big_74,3,61.0000,22.2825,99470592
original,big_74,3,61.0000,493.3652,2146777425
relaxed,big_74,3,61.0000,24.9031,99470592
restricted,big_75,3,41.0000,20.1541,99470592
original,big_75,3,41.0000,441.3179,2146777425
relaxed,big_75,3,41.0000,22.1222,99470592
restricted,big_76,3,44.0000,20.3329,99470592
original,big_76,3,44.0000,444.1162,2146777425
relaxed,big_76,3,44.0000,21.9729,99470592
restricted,big_77,3,35.0000,21.9945,99470592
original,big_77,3,38.0000,489.3205,2146777425
relaxed,big_77,3,38.0000,24.6314,99470592
restricted,big_78,3,52.0000,25.0660,99470592
original,big_78,3,52.0000,556.7940,2146777425
relaxed,big_78,3,52.0000,28.2238,99470592
restricted,big_79,3,47.0000,23.6589,99470592
original,big_79,3,47.0000,525.5739,2146777425
relaxed,big_79,3,47.0000,26.2629,99470592
restricted,big_80,3,45.0000,22.1237,99470592
original,big_80,3,45.0000,489.3822,2146777425
relaxed,big_80,3,45.0000,24.4972,99470592
restricted,big_81,3,46.0000,21.1020,99470592
original,big_81,3,46.0000,466.7494,2146777425
relaxed,big_81,3,46.0000,23.5104,99470592
restricted,big_82,3,43.0000,20.3252,99470592
original,big_82,3,43.0000,444.2058,2146777425
relaxed,big_82,3,43.0000,21.9040,99470592
restricted,big_83,3,66.0000,26.1505,99470592
original,big_83,3,66.0000,584.0932,2146777425
relaxed,big_83,3,66.0000,29.6457,99470592
restricted,big_84,3,52.0000,22.0997,99470592
original,big_84,3,52.0000,492.7700,2146777425
relaxed,big_84,3,52.0000,25.0350,99470592
restricted,big_85,3,42.0000,19.7070,99470592
original,big_85,3,42.0000,423.4439,2146777425
relaxed,big_85,3,42.0000,21.3605,99470592
restricted,big_86,3,36.0000,23.3433,99470592
original,big_86,3,36.0000,520.9630,2146777425
relaxed,big_86,3,36.0000,26.5055,99470592
restricted,big_87,3,50.0000,22.3773,99470592
original,big_87,3,50.0000,499.4789,2146777425
relaxed,big_87,3,50.0000,25.8743,99470592
restricted,big_88,3,49.0000,22.2761,99470592
original,big_88,3,53.0000,495.6270,2146777425
relaxed,big_88,3,55.0000,24.9757,99470592
restricted,big_89,3,49.0000,22.6108,99470592
original,big_89,3,49.0000,499.2694,2146777425
relaxed,big_89,3,49.0000,24.9276,99470592
restricted,big_90,3,45.0000,20.5127,99470592
original,big_90,3,48.0000,460.3968,2146777425
relaxed,big_90,3,50.0000,23.8099,99470592
restricted,big_91,3,63.0000,24.6004,99470592
original,big_91,3,64.0000,546.3648,2146777425
relaxed,big_91,3,65.0000,27.6029,99470592
restricted,big_92,3,54.0000,21.8639,99470592
original,big_92,3,54.0000,484.4383,2146777425
relaxed,big_92,3,54.0000,24.6548,99470592
restricted,big_93,3,46.0000,21.0582,99470592
original,big_93,3,46.0000,465.5896,2146777425
relaxed,big_93,3,48.0000,23.8161,99470592
restricted,big_94,3,41.0000,23.4427,99470592
original,big_94,3,41.0000,520.9796,2146777425
relaxed,big_94,3,41.0000,25.9600,99470592
restricted,big_95,3,41.0000,24.5186,99470592
original,big_95,3,41.0000,547.5386,2146777425
relaxed,big_95,3,41.0000,27.9311,99470592
restricted,big_96,3,40.0000,22.5873,99470592
original,big_96,3,40.0000,503.8749,2146777425
relaxed,big_96,3,40.0000,25.5959,99470592
restricted,big_97,3,43.0000,18.3380,99470592
original,big_97,3,45.0000,404.3226,2146777425
relaxed,big_97,3,45.0000,20.2163,99470592
restricted,big_98,3,45.0000,22.1824,99470592
original,big_98,3,45.0000,482.8075,2146777425
relaxed,big_98,3,45.0000,23.6624,99470592
restricted,big_99,3,50.0000,25.1505,99470592
original,big_99,3,50.0000,564.5557,2146777425
relaxed,big_99,3,50.0000,28.8938,99470592
restricted,big_100,3,49.0000,21.5209,99470592
original,big_100,3,49.0000,475.6738,2146777425
relaxed,big_100,3,49.0000,23.8547,99470592
restricted,big_101,3,44.0000,21.0164,99470592
original,big_101,3,44.0000,461.2900,2146777425
relaxed,big_101,3,44.0000,23.1136,99470592
restricted,big_102,3,32.0000,22.6192,99470592
original,big_102,3,32.0000,500.2633,2146777425
relaxed,big_102,3,32.0000,25.0782,99470592
restricted,big_103,3,66.0000,25.6767,99470592
original,big_103,3,66.0000,573.1177,2146777425
relaxed,big_103,3,66.0000,29.0956,99470592
restricted,big_104,3,59.0000,24.3168,99470592
original,big_104,3,60.0000,539.2265,2146777425
relaxed,big_104,3,60.0000,27.0040,99470592
restricted,big_105,3,59.0000,24.7315,99470592
original,big_105,3,59.0000,546.1791,2146777425
relaxed,big_105,3,59.0000,27.1919,99470592
restricted,big_106,3,54.0000,21.7000,99470592
original,big_106,3,54.0000,478.7094,2146777425
relaxed,big_106,3,54.0000,24.0498,99470592
restricted,big_107,3,46.0000,22.2333,99470592
original,big_107,3,46.0000,496.2559,2146777425
relaxed,big_107,3,46.0000,25.4417,99470592
restricted,big_108,3,42.0000,23.2671,99470592
original,big_108,3,42.0000,518.5351,2146777425
relaxed,big_108,3,42.0000,26.2750,99470592
restricted,big_109,3,42.0000,22.8658,99470592
original,big_109,3,44.0000,512.3795,2146777425
relaxed,big_109,3,44.0000,26.1330,99470592
restricted,big_110,3,50.0000,22.5700,99470592
original,big_110,3,50.0000,495.3660,2146777425
relaxed,big_110,3,50.0000,24.6134,99470592
restricted,big_111,3,41.0000,19.9117,99470592
original,big_111,3,41.0000,438.7251,2146777425
relaxed,big_111,3,41.0000,22.3969,99470592
restricted,big_112,3,52.0000,24.0506,99470592
original,big_112,3,54.0000,533.4129,2146777425
relaxed,big_112,3,55.0000,26.7006,99470592
restricted,big_113,3,36.0000,21.4274,99470592
original,big_113,3,36.0000,469.4344,2146777425
relaxed,big_113,3,36.0000,23.4395,99470592
restricted,big_114,3,30.0000,22.1574,99470592
original,big_114,3,30.0000,491.1461,2146777425
relaxed,big_114,3,30.0000,24.4304,99470592
restricted,big_115,3,37.0000,21.7918,99470592
original,big_115,3,37.0000,484.8407,2146777425
relaxed,big_115,3,37.0000,24.4266,99470592
restricted,big_116,3,39.0000,21.3674,99470592
original,big_116,3,39.0000,471.8842,2146777425
relaxed,big_116,3,39.0000,23.7225,99470592
restricted,big_117,3,50.0000,23.8302,99470592
original,big_117,3,50.0000,529.9834,2146777425
relaxed,big_117,3,50.0000,26.8287,99470592
restricted,big_118,3,62.0000,21.8239,99470592
original,big_118,3,66.0000,480.4589,2146777425
relaxed,big_118,3,66.0000,23.8398,99470592
restricted,big_119,3,45.0000,19.3005,99470592
original,big_119,3,45.0000,423.1167,2146777425
relaxed,big_119,3,45.0000,21.0490,99470592
restricted,big_120,3,50.0000,23.5500,99470592
original,big_120,3,50.0000,523.2517,2146777425
relaxed,big_120,3,50.0000,26.3283,99470592
restricted,bigger_1,3,46.0000,28.0735,122425344
original,bigger_1,3,46.0000,620.6505,2642187600
relaxed,bigger_1,3,46.0000,30.5084,122425344
restricted,bigger_2,3,48.0000,31.0961,122425344
original,bigger_2,3,48.0000,634.0227,2642187600
relaxed,bigger_2,3,48.0000,31.5233,122425344
restricted,bigger_3,3,56.0000,28.3481,122425344
original,bigger_3,3,57.0000,627.1868,2642187600
relaxed,bigger_3,3,57.0000,31.4951,122425344
restricted,bigger_4,3,64.0000,28.9995,122425344
original,bigger_4,3,65.0000,640.6115,2642187600
relaxed,bigger_4,3,65.0000,32.0017,122425344
restricted,bigger_5,3,56.0000,25.3343,122425344
original,bigger_5,3,56.0000,560.4532,2642187600
relaxed,bigger_5,3,56.0000,28.5731,122425344
restricted,bigger_6,3,50.0000,27.4046,122425344
original,bigger_6,3,53.0000,607.8941,2642187600
relaxed,bigger_6,3,54.0000,31.4044,122425344
restricted,bigger_7,3,42.0000,26.8128,122425344
original,bigger_7,3,43.0000,594.7965,2642187600
relaxed,bigger_7,3,43.0000,30.4272,122425344
restricted,bigger_8,3,46.0000,28.5577,122425344
original,bigger_8,3,46.0000,633.7279,2642187600
relaxed,bigger_8,3,46.0000,31.7849,122425344
restricted,bigger_9,3,51.0000,26.1392,122425344
original,bigger_9,3,53.0000,578.6490,2642187600
relaxed,bigger_9,3,55.0000,29.3825,122425344
restricted,bigger_10,3,42.0000,29.7602,122425344
original,bigger_10,3,42.0000,632.4518,2642187600
relaxed,bigger_10,3,42.0000,32.0088,122425344
restricted,bigger_11,3,64.0000,27.1300,122425344
original,bigger_11,3,64.0000,599.7559,2642187600
relaxed,bigger_11,3,64.0000,30.0492,122425344
restricted,bigger_12,3,42.0000,23.8738,122425344
original,bigger_12,3,42.0000,516.0486,2642187600
relaxed,bigger_12,3,42.0000,25.2462,122425344
restricted,bigger_13,3,37.0000,23.1483,122425344
original,bigger_13,3,37.0000,505.0047,2642187600
relaxed,bigger_13,3,37.0000,25.0875,122425344
restricted,bigger_14,3,36.0000,26.3343,122425344
original,bigger_14,3,36.0000,578.1656,2642187600
relaxed,bigger_14,3,36.0000,29.0011,122425344
restricted,bigger_15,3,59.0000,28.7129,122425344
original,bigger_15,3,59.0000,640.3206,2642187600
relaxed,bigger_15,3,59.0000,32.0739,122425344
restricted,bigger_16,3,57.0000,27.2698,122425344
original,bigger_16,3,57.0000,608.7051,2642187600
relaxed,bigger_16,3,57.0000,31.2658,122425344
restricted,bigger_17,3,49.0000,29.2431,122425344
original,bigger_17,3,49.0000,631.0785,2642187600
relaxed,bigger_17,3,49.0000,31.4503,122425344
restricted,bigger_18,3,45.0000,28.0099,122425344
original,bigger_18,3,45.0000,625.5844,2642187600
relaxed,bigger_18,3,45.0000,31.7096,122425344
restricted,bigger_19,3,63.0000,28.1571,122425344
original,bigger_19,3,63.0000,621.0334,2642187600
relaxed,bigger_19,3,63.0000,30.6212,122425344
restricted,bigger_20,3,58.0000,30.0909,122425344
original,bigger_20,3,60.0000,674.0106,2642187600
relaxed,bigger_20,3,60.0000,34.2810,122425344
restricted,bigger_21,3,49.0000,25.6029,122425344
original,bigger_21,3,49.0000,561.6258,2642187600
relaxed,bigger_21,3,49.0000,28.0804,122425344
restricted,bigger_22,3,51.0000,26.1628,122425344
original,bigger_22,3,51.0000,585.1178,2642187600
relaxed,bigger_22,3,51.0000,29.0380,122425344
restricted,bigger_23,3,52.0000,28.0636,122425344
original,bigger_23,3,52.0000,611.2240,2642187600
relaxed,bigger_23,3,52.0000,30.7207,122425344
restricted,bigger_24,3,53.0000,28.6605,122425344
original,bigger_24,3,53.0000,638.9207,2642187600
relaxed,bigger_24,3,53.0000,32.6667,122425344
restricted,bigger_25,3,58.0000,26.1616,122425344
original,bigger_25,3,58.0000,569.3885,2642187600
relaxed,bigger_25,3,58.0000,28.7682,122425344
restricted,bigger_26,3,57.0000,31.7146,122425344
original,bigger_26,3,57.0000,707.3733,2642187600
relaxed,bigger_26,3,57.0000,35.3045,122425344
restricted,bigger_27,3,45.0000,26.5941,122425344
original,bigger_27,3,45.0000,594.9940,2642187600
relaxed,bigger_27,3,45.0000,30.3556,122425344
restricted,bigger_28,3,54.0000,29.3037,122425344
original,bigger_28,3,54.0000,645.3038,2642187600
relaxed,bigger_28,3,54.0000,32.4356,122425344
restricted,bigger_29,3,65.0000,31.1994,122425344
original,bigger_29,3,68.0000,695.6304,2642187600
relaxed,bigger_29,3,68.0000,35.2273,122425344
restricted,bigger_30,3,54.0000,26.7487,122425344
original,bigger_30,3,56.0000,593.8071,2642187600
relaxed,bigger_30,3,57.0000,30.2088,122425344
restricted,bigger_31,3,40.0000,27.3983,122425344
original,bigger_31,3,40.0000,607.7231,2642187600
relaxed,bigger_31,3,40.0000,30.8814,122425344
restricted,bigger_32,3,60.0000,27.6680,122425344
original,bigger_32,3,60.0000,613.3676,2642187600
relaxed,bigger_32,3,60.0000,30.9962,122425344
restricted,bigger_33,3,42.0000,29.8732,122425344
original,bigger_33,3,44.0000,667.5583,2642187600
relaxed,bigger_33,3,44.0000,33.7800,122425344
restricted,bigger_34,3,68.0000,27.5689,122425344
original,bigger_34,3,68.0000,608.1250,2642187600
relaxed,bigger_34,3,68.0000,30.4165,122425344
restricted,bigger_35,3,48.0000,27.0397,122425344
original,bigger_35,3,51.0000,600.6374,2642187600
relaxed,bigger_35,3,51.0000,30.6164,122425344
restricted,bigger_36,3,53.0000,30.6427,122425344
original,bigger_36,3,57.0000,676.3723,2642187600
relaxed,bigger_36,3,59.0000,34.4448,122425344
restricted,bigger_37,3,57.0000,28.2237,122425344
original,bigger_37,3,60.0000,633.4082,2642187600
relaxed,bigger_37,3,60.0000,32.5526,122425344
restricted,bigger_38,3,60.0000,29.9575,122425344
original,bigger_38,3,61.0000,670.8766,2642187600
relaxed,bigger_38,3,61.0000,34.2546,122425344
restricted,bigger_39,3,45.0000,28.7647,122425344
original,bigger_39,3,45.0000,644.3032,2642187600
relaxed,bigger_39,3,45.0000,32.6071,122425344
restricted,bigger_40,3,62.0000,30.7696,122425344
original,bigger_40,3,62.0000,687.4651,2642187600
relaxed,bigger_40,3,62.0000,34.6037,122425344
restricted,bigger_41,3,53.0000,31.0524,122425344
original,bigger_41,3,53.0000,685.5628,2642187600
relaxed,bigger_41,3,53.0000,34.3963,122425344
restricted,bigger_42,3,44.0000,27.6281,122425344
original,bigger_42,3,45.0000,612.6389,2642187600
relaxed,bigger_42,3,45.0000,30.5680,122425344
restricted,bigger_43,3,39.0000,26.7273,122425344
original,bigger_43,3,39.0000,586.0168,2642187600
relaxed,bigger_43,3,39.0000,29.5267,122425344
restricted,bigger_44,3,51.0000,28.9861,122425344
original,bigger_44,3,51.0000,644.9663,2642187600
relaxed,bigger_44,3,51.0000,32.5373,122425344
restricted,bigger_45,3,49.0000,29.9319,122425344
original,bigger_45,3,49.0000,671.8851,2642187600
relaxed,bigger_45,3,49.0000,34.0483,122425344
restricted,bigger_46,3,48.0000,26.3842,122425344
original,bigger_46,3,48.0000,576.1782,2642187600
relaxed,bigger_46,3,48.0000,28.9290,122425344
restricted,bigger_47,3,45.0000,27.5391,122425344
original,bigger_47,3,49.0000,612.8010,2642187600
relaxed,bigger_47,3,49.0000,31.2308,122425344
restricted,bigger_48,3,55.0000,28.8923,122425344
original,bigger_48,3,55.0000,648.2413,2642187600
relaxed,bigger_48,3,55.0000,33.1231,122425344
restricted,bigger_49,3,64.0000,28.6532,122425344
original,bigger_49,3,67.0000,640.0228,2642187600
relaxed,bigger_49,3,67.0000,32.3321,122425344
restricted,bigger_50,3,48.0000,28.0200,122425344
original,bigger_50,3,48.0000,616.1724,2642187600
relaxed,bigger_50,3,48.0000,29.9989,122425344
restricted,bigger_51,3,50.0000,29.4369,122425344
original,bigger_51,3,50.0000,647.4747,2642187600
relaxed,bigger_51,3,50.0000,32.9832,122425344
restricted,bigger_52,3,57.0000,27.6938,122425344
original,bigger_52,3,57.0000,614.9592,2642187600
relaxed,bigger_52,3,57.0000,30.7765,122425344
restricted,bigger_53,3,42.0000,28.7200,122425344
original,bigger_53,3,42.0000,632.5161,2642187600
relaxed,bigger_53,3,42.0000,31.3896,122425344
restricted,bigger_54,3,44.0000,26.5565,122425344
original,bigger_54,3,44.0000,588.0029,2642187600
relaxed,bigger_54,3,44.0000,29.8892,122425344
restricted,bigger_55,3,60.0000,27.4080,122425344
original,bigger_55,3,60.0000,601.6832,2642187600
relaxed,bigger_55,3,60.0000,29.9225,122425344
restricted,bigger_56,3,38.0000,25.1628,122425344
original,bigger_56,3,39.0000,551.5880,2642187600
relaxed,bigger_56,3,39.0000,27.5760,122425344
restricted,bigger_57,3,49.0000,30.1880,122425344
original,bigger_57,3,51.0000,677.3661,2642187600
relaxed,bigger_57,3,51.0000,34.4749,122425344
restricted,bigger_58,3,45.0000,25.4492,122425344
original,bigger_58,3,45.0000,556.2677,2642187600
relaxed,bigger_58,3,45.0000,27.7143,122425344
restricted,bigger_59,3,46.0000,26.3366,122425344
original,bigger_59,3,46.0000,577.2119,2642187600
relaxed,bigger_59,3,46.0000,29.1092,122425344
restricted,bigger_60,3,50.0000,26.7590,122425344
original,bigger_60,3,51.0000,588.7740,2642187600
relaxed,bigger_60,3,51.0000,28.9587,122425344
restricted,bigger_61,3,47.0000,26.6819,122425344
original,bigger_61,3,47.0000,580.2640,2642187600
relaxed,bigger_61,3,47.0000,29.3651,122425344
restricted,bigger_62,3,47.0000,28.5436,122425344
original,bigger_62,3,47.0000,637.3002,2642187600
relaxed,bigger_62,3,47.0000,32.3068,122425344
restricted,bigger_63,3,50.0000,27.1151,122425344
original,bigger_63,3,50.0000,599.9316,2642187600
relaxed,bigger_63,3,50.0000,30.2346,122425344
restricted,bigger_64,3,52.0000,24.5850,122425344
original,bigger_64,3,52.0000,540.7742,2642187600
relaxed,bigger_64,3,52.0000,26.9917,122425344
restricted,bigger_65,3,48.0000,29.3449,122425344
original,bigger_65,3,48.0000,649.3630,2642187600
relaxed,bigger_65,3,48.0000,32.9872,122425344
restricted,bigger_66,3,47.0000,27.6765,122425344
original,bigger_66,3,48.0000,615.7468,2642187600
relaxed,bigger_66,3,48.0000,31.0135,122425344
restricted,bigger_67,3,50.0000,29.0885,122425344
original,bigger_67,3,50.0000,647.8383,2642187600
relaxed,bigger_67,3,50.0000,33.1055,122425344
restricted,bigger_68,3,43.0000,27.9070,122425344
original,bigger_68,3,43.0000,619.8069,2642187600
relaxed,bigger_68,3,43.0000,31.2529,122425344
restricted,bigger_69,3,58.0000,29.9171,122425344
original,bigger_69,3,58.0000,671.3617,2642187600
relaxed,bigger_69,3,58.0000,34.2404,122425344
restricted,bigger_70,3,42.0000,27.0076,122425344
original,bigger_70,3,42.0000,593.2094,2642187600
relaxed,bigger_70,3,42.0000,29.8928,122425344
restricted,bigger_71,3,48.0000,29.7757,122425344
original,bigger_71,3,48.0000,665.8697,2642187600
relaxed,bigger_71,3,48.0000,33.7774,122425344
restricted,bigger_72,3,41.0000,28.0547,122425344
original,bigger_72,3,42.0000,621.5672,2642187600
relaxed,bigger_72,3,42.0000,31.1682,122425344
restricted,bigger_73,3,66.0000,27.7818,122425344
original,bigger_73,3,69.0000,617.1889,2642187600
relaxed,bigger_73,3,69.0000,31.7010,122425344
restricted,bigger_74,3,65.0000,28.0229,122425344
original,bigger_74,3,65.0000,622.8250,2642187600
relaxed,bigger_74,3,65.0000,31.5845,122425344
restricted,bigger_75,3,46.0000,25.7411,122425344
original,bigger_75,3,46.0000,563.4589,2642187600
relaxed,bigger_75,3,46.0000,28.2546,122425344
restricted,bigger_76,3,51.0000,26.0135,122425344
original,bigger_76,3,51.0000,573.6116,2642187600
relaxed,bigger_76,3,51.0000,28.6517,122425344
restricted,bigger_77,3,37.0000,27.5860,122425344
original,bigger_77,3,38.0000,615.0203,2642187600
relaxed,bigger_77,3,38.0000,31.8800,122425344
restricted,bigger_78,3,64.0000,31.5338,122425344
original,bigger_78,3,64.0000,705.7584,2642187600
relaxed,bigger_78,3,64.0000,35.7273,122425344
restricted,bigger_79,3,51.0000,29.1033,122425344
original,bigger_79,3,51.0000,644.8314,2642187600
relaxed,bigger_79,3,51.0000,32.2741,122425344
restricted,bigger_80,3,45.0000,27.7482,122425344
original,bigger_80,3,45.0000,615.7332,2642187600
relaxed,bigger_80,3,45.0000,30.6031,122425344
restricted,bigger_81,3,53.0000,27.2843,122425344
original,bigger_81,3,53.0000,606.9352,2642187600
relaxed,bigger_81,3,53.0000,30.4342,122425344
restricted,bigger_82,3,43.0000,25.1317,122425344
original,bigger_82,3,43.0000,548.4801,2642187600
relaxed,bigger_82,3,43.0000,26.8519,122425344
restricted,bigger_83,3,75.0000,32.6857,122425344
original,bigger_83,3,77.0000,732.0252,2642187600
relaxed,bigger_83,3,77.0000,36.9767,122425344
restricted,bigger_84,3,59.0000,28.3472,122425344
original,bigger_84,3,59.0000,634.9402,2642187600
relaxed,bigger_84,3,59.0000,32.3132,122425344
restricted,bigger_85,3,52.0000,24.7559,122425344
original,bigger_85,3,52.0000,543.1987,2642187600
relaxed,bigger_85,3,52.0000,27.4979,122425344
restricted,bigger_86,3,41.0000,29.3537,122425344
original,bigger_86,3,41.0000,659.6407,2642187600
relaxed,bigger_86,3,41.0000,33.6179,122425344
restricted,bigger_87,3,51.0000,28.4173,122425344
original,bigger_87,3,52.0000,643.5609,2642187600
relaxed,bigger_87,3,53.0000,32.2640,122425344
restricted,bigger_88,3,52.0000,27.9891,122425344
original,bigger_88,3,57.0000,719.0830,2642187600
relaxed,bigger_88,3,57.0000,31.4576,122425344
restricted,bigger_89,3,57.0000,28.4450,122425344
original,bigger_89,3,58.0000,629.6953,2642187600
relaxed,bigger_89,3,58.0000,31.5560,122425344
restricted,bigger_90,3,50.0000,25.7526,122425344
original,bigger_90,3,50.0000,573.6880,2642187600
relaxed,bigger_90,3,54.0000,29.4946,122425344
restricted,bigger_91,3,64.0000,29.7126,122425344
original,bigger_91,3,64.0000,662.6201,2642187600
relaxed,bigger_91,3,65.0000,33.4823,122425344
restricted,bigger_92,3,54.0000,26.8473,122425344
original,bigger_92,3,54.0000,594.7307,2642187600
relaxed,bigger_92,3,54.0000,30.2954,122425344
restricted,bigger_93,3,46.0000,25.7823,122425344
original,bigger_93,3,46.0000,570.1179,2642187600
relaxed,bigger_93,3,48.0000,29.0849,122425344
restricted,bigger_94,3,44.0000,28.5015,122425344
original,bigger_94,3,44.0000,630.5735,2642187600
relaxed,bigger_94,3,44.0000,31.4685,122425344
restricted,bigger_95,3,47.0000,30.1556,122425344
original,bigger_95,3,47.0000,669.7134,2642187600
relaxed,bigger_95,3,47.0000,34.0238,122425344
restricted,bigger_96,3,46.0000,28.9530,122425344
original,bigger_96,3,46.0000,644.0496,2642187600
relaxed,bigger_96,3,46.0000,33.0256,122425344
restricted,bigger_97,3,48.0000,23.8333,122425344
original,bigger_97,3,51.0000,528.0306,2642187600
relaxed,bigger_97,3,52.0000,26.4965,122425344
restricted,bigger_98,3,50.0000,27.6023,122425344
original,bigger_98,3,50.0000,598.1845,2642187600
relaxed,bigger_98,3,50.0000,29.3614,122425344
restricted,bigger_99,3,57.0000,32.1461,122425344
original,bigger_99,3,58.0000,722.6062,2642187600
relaxed,bigger_99,3,58.0000,36.8223,122425344
restricted,bigger_100,3,56.0000,27.8715,122425344
original,bigger_100,3,56.0000,615.3637,2642187600
relaxed,bigger_100,3,56.0000,31.1335,122425344
restricted,bigger_101,3,52.0000,26.8021,122425344
original,bigger_101,3,52.0000,588.1759,2642187600
relaxed,bigger_101,3,52.0000,29.6230,122425344
restricted,bigger_102,3,35.0000,31.9757,122425344
original,bigger_102,3,35.0000,652.1440,2642187600
relaxed,bigger_102,3,35.0000,32.7762,122425344
restricted,bigger_103,3,67.0000,31.2027,122425344
original,bigger_103,3,67.0000,698.0542,2642187600
relaxed,bigger_103,3,67.0000,35.4776,122425344
restricted,bigger_104,3,72.0000,31.0508,122425344
original,bigger_104,3,72.0000,688.7192,2642187600
relaxed,bigger_104,3,72.0000,34.3429,122425344
restricted,bigger_105,3,69.0000,31.1738,122425344
original,bigger_105,3,69.0000,689.5670,2642187600
relaxed,bigger_105,3,69.0000,34.2960,122425344
restricted,bigger_106,3,64.0000,26.3230,122425344
original,bigger_106,3,64.0000,579.8001,2642187600
relaxed,bigger_106,3,64.0000,29.3388,122425344
restricted,bigger_107,3,56.0000,28.5059,122425344
original,bigger_107,3,56.0000,632.8031,2642187600
relaxed,bigger_107,3,56.0000,32.5323,122425344
restricted,bigger_108,3,52.0000,29.3172,122425344
original,bigger_108,3,52.0000,653.5056,2642187600
relaxed,bigger_108,3,52.0000,33.1565,122425344
restricted,bigger_109,3,42.0000,28.9744,122425344
original,bigger_109,3,44.0000,645.5547,2642187600
relaxed,bigger_109,3,44.0000,33.1081,122425344
restricted,bigger_110,3,62.0000,28.4054,122425344
original,bigger_110,3,62.0000,621.9963,2642187600
relaxed,bigger_110,3,62.0000,30.7182,122425344
restricted,bigger_111,3,47.0000,25.8088,122425344
original,bigger_111,3,47.0000,572.5901,2642187600
relaxed,bigger_111,3,47.0000,29.3325,122425344
restricted,bigger_112,3,56.0000,28.6588,122425344
original,bigger_112,3,59.0000,634.7532,2642187600
relaxed,bigger_112,3,61.0000,31.5363,122425344
restricted,bigger_113,3,37.0000,27.0664,122425344
original,bigger_113,3,37.0000,592.9397,2642187600
relaxed,bigger_113,3,37.0000,29.8326,122425344
restricted,bigger_114,3,37.0000,28.3856,122425344
original,bigger_114,3,37.0000,629.2344,2642187600
relaxed,bigger_114,3,38.0000,31.4857,122425344
restricted,bigger_115,3,40.0000,28.1662,122425344
original,bigger_115,3,40.0000,628.0692,2642187600
relaxed,bigger_115,3,40.0000,31.6410,122425344
restricted,bigger_116,3,44.0000,27.5097,122425344
original,bigger_116,3,44.0000,611.4383,2642187600
relaxed,bigger_116,3,44.0000,30.8973,122425344
restricted,bigger_117,3,51.0000,29.0241,122425344
original,bigger_117,3,51.0000,644.1556,2642187600
relaxed,bigger_117,3,51.0000,32.4631,122425344
restricted,bigger_118,3,64.0000,27.3569,122425344
original,bigger_118,3,66.0000,603.6962,2642187600
relaxed,bigger_118,3,66.0000,30.0816,122425344
restricted,bigger_119,3,46.0000,24.5066,122425344
original,bigger_119,3,46.0000,537.5315,2642187600
relaxed,bigger_119,3,46.0000,26.7480,122425344
restricted,bigger_120,3,52.0000,30.4205,122425344
original,bigger_120,3,52.0000,669.5167,2642187600
relaxed,bigger_120,3,52.0000,33.9554,122425344
